{"cameraMode":{"drawMode":0,"name":"Shaded","section":"Shading Mode"},"sceneLighting":false,"audioPlay":false,"sceneViewState":{"showFog":true,"showMaterialUpdate":false,"showSkybox":false,"showFlares":true,"showImageEffects":true,"showParticleSystems":true},"in2DMode":false,"pivot":{"x":-0.08238649368286133,"y":2.0,"z":-1.9176111221313477},"rotation":{"x":-0.00018970263772644103,"y":-0.9757314324378967,"z":0.21902181208133698,"w":-0.0008729998371563852},"size":3.5598702430725099,"orthographic":false}