{"cameraMode":{"drawMode":0,"name":"Shaded","section":"Shading Mode"},"sceneLighting":false,"audioPlay":false,"sceneViewState":{"showFog":true,"showMaterialUpdate":false,"showSkybox":false,"showFlares":true,"showImageEffects":true,"showParticleSystems":true},"in2DMode":false,"pivot":{"x":0.0,"y":0.5472725629806519,"z":0.21825027465820313},"rotation":{"x":-0.0538710281252861,"y":0.9369508624076843,"z":-0.3025147318840027,"w":-0.16676580905914308},"size":0.6457773447036743,"orthographic":false}