{"cameraMode":{"drawMode":0,"name":"Shaded","section":"Shading Mode"},"sceneLighting":false,"audioPlay":false,"sceneViewState":{"showFog":true,"showMaterialUpdate":false,"showSkybox":false,"showFlares":true,"showImageEffects":true,"showParticleSystems":true},"in2DMode":false,"pivot":{"x":0.0,"y":1.1330745220184327,"z":3.5762786865234377e-7},"rotation":{"x":0.014141939580440522,"y":-0.9782001972198486,"z":0.19503919780254365,"w":0.07059628516435623},"size":1.306193470954895,"orthographic":false}