{"cameraMode":{"drawMode":0,"name":"Shaded","section":"Shading Mode"},"sceneLighting":false,"audioPlay":false,"sceneViewState":{"showFog":true,"showMaterialUpdate":false,"showSkybox":false,"showFlares":true,"showImageEffects":true,"showParticleSystems":true},"in2DMode":false,"pivot":{"x":-2.473803997039795,"y":-1.4288674592971802,"z":-2.526195526123047},"rotation":{"x":0.008577907457947731,"y":-0.9798142910003662,"z":0.19536292552947999,"w":0.04269261285662651},"size":4.376147747039795,"orthographic":false}