{"cameraMode":{"drawMode":0,"name":"Shaded","section":"Shading Mode"},"sceneLighting":false,"audioPlay":false,"sceneViewState":{"showFog":true,"showMaterialUpdate":false,"showSkybox":false,"showFlares":true,"showImageEffects":true,"showParticleSystems":true},"in2DMode":false,"pivot":{"x":0.053896963596343997,"y":-0.391876220703125,"z":0.0},"rotation":{"x":-0.14172549545764924,"y":-0.775513768196106,"z":0.1875738501548767,"w":-0.5859821438789368},"size":1.5853853225708008,"orthographic":false}