{"cameraMode":{"drawMode":0,"name":"Shaded","section":"Shading Mode"},"sceneLighting":false,"audioPlay":false,"sceneViewState":{"showFog":true,"showMaterialUpdate":false,"showSkybox":false,"showFlares":true,"showImageEffects":true,"showParticleSystems":true},"in2DMode":false,"pivot":{"x":0.010074019432067871,"y":0.7825534343719482,"z":0.0015996694564819337},"rotation":{"x":-0.004120948724448681,"y":-0.9904282689094544,"z":0.1348377913236618,"w":-0.03029540926218033},"size":1.197202205657959,"orthographic":false}