{"cameraMode":{"drawMode":0,"name":"Shaded","section":"Shading Mode"},"sceneLighting":false,"audioPlay":false,"sceneViewState":{"showFog":true,"showMaterialUpdate":false,"showSkybox":false,"showFlares":true,"showImageEffects":true,"showParticleSystems":true},"in2DMode":false,"pivot":{"x":0.0,"y":-0.6808184385299683,"z":0.4110414683818817},"rotation":{"x":-0.16544608771800996,"y":-0.31939032673835757,"z":0.056769609451293948,"w":-0.9313969612121582},"size":1.288272500038147,"orthographic":false}