{"cameraMode":{"drawMode":0,"name":"Shaded","section":"Shading Mode"},"sceneLighting":false,"audioPlay":false,"sceneViewState":{"showFog":true,"showMaterialUpdate":false,"showSkybox":true,"showFlares":true,"showImageEffects":true,"showParticleSystems":true},"in2DMode":false,"pivot":{"x":505.4820861816406,"y":284.37640380859377,"z":6.98394775390625},"rotation":{"x":0.04080021381378174,"y":0.010254543274641037,"z":-0.00037590510328300297,"w":0.9991800785064697},"size":274.9869689941406,"orthographic":false}