{"cameraMode":{"drawMode":0,"name":"Shaded","section":"Shading Mode"},"sceneLighting":false,"audioPlay":false,"sceneViewState":{"showFog":true,"showMaterialUpdate":false,"showSkybox":true,"showFlares":true,"showImageEffects":true,"showParticleSystems":true},"in2DMode":false,"pivot":{"x":-118.54093170166016,"y":29.800579071044923,"z":-46.08665466308594},"rotation":{"x":-0.0866415873169899,"y":0.8592854142189026,"z":-0.1553419530391693,"w":-0.47970402240753176},"size":20.475852966308595,"orthographic":false}