{"cameraMode":{"drawMode":0,"name":"Shaded","section":"Shading Mode"},"sceneLighting":false,"audioPlay":false,"sceneViewState":{"showFog":true,"showMaterialUpdate":false,"showSkybox":false,"showFlares":true,"showImageEffects":true,"showParticleSystems":true},"in2DMode":false,"pivot":{"x":0.0000030994415283203127,"y":-0.12413249909877777,"z":0.03682446479797363},"rotation":{"x":-0.14172549545764924,"y":-0.775513768196106,"z":0.1875738501548767,"w":-0.5859821438789368},"size":0.6336031556129456,"orthographic":false}