{"cameraMode":{"drawMode":0,"name":"Shaded","section":"Shading Mode"},"sceneLighting":false,"audioPlay":false,"sceneViewState":{"showFog":true,"showMaterialUpdate":false,"showSkybox":false,"showFlares":true,"showImageEffects":true,"showParticleSystems":true},"in2DMode":false,"pivot":{"x":0.171860933303833,"y":0.019139409065246583,"z":0.14014410972595216},"rotation":{"x":-0.13410207629203797,"y":0.8100081086158752,"z":-0.20364806056022645,"w":-0.5333959460258484},"size":0.606025218963623,"orthographic":false}