{"cameraMode":{"drawMode":0,"name":"Shaded","section":"Shading Mode"},"sceneLighting":false,"audioPlay":false,"sceneViewState":{"showFog":true,"showMaterialUpdate":false,"showSkybox":false,"showFlares":true,"showImageEffects":true,"showParticleSystems":true},"in2DMode":false,"pivot":{"x":-0.005079865455627441,"y":0.017414748668670656,"z":0.13825750350952149},"rotation":{"x":-0.21563942730426789,"y":0.5630691647529602,"z":-0.1550510823726654,"w":-0.7826244235038757},"size":0.7866130471229553,"orthographic":false}