{"cameraMode":{"drawMode":0,"name":"Shaded","section":"Shading Mode"},"sceneLighting":false,"audioPlay":false,"sceneViewState":{"showFog":true,"showMaterialUpdate":false,"showSkybox":false,"showFlares":true,"showImageEffects":true,"showParticleSystems":true},"in2DMode":false,"pivot":{"x":0.0,"y":5.369690895080566,"z":-0.000001430511474609375},"rotation":{"x":-0.09011495858430863,"y":-0.886420726776123,"z":0.19480474293231965,"w":-0.41023722290992739},"size":5.473668575286865,"orthographic":false}