{"cameraMode":{"drawMode":0,"name":"Shaded","section":"Shading Mode"},"sceneLighting":false,"audioPlay":false,"sceneViewState":{"showFog":true,"showMaterialUpdate":false,"showSkybox":false,"showFlares":true,"showImageEffects":true,"showParticleSystems":true},"in2DMode":false,"pivot":{"x":15.8681640625,"y":-0.6398162841796875,"z":-271.9117126464844},"rotation":{"x":0.2202981859445572,"y":-0.4548055827617645,"z":0.1175149530172348,"w":0.8550609350204468},"size":121.81358337402344,"orthographic":false}