{"cameraMode":{"drawMode":0,"name":"Shaded","section":"Shading Mode"},"sceneLighting":false,"audioPlay":false,"sceneViewState":{"showFog":true,"showMaterialUpdate":false,"showSkybox":true,"showFlares":true,"showImageEffects":true,"showParticleSystems":true},"in2DMode":false,"pivot":{"x":-51.0513916015625,"y":-5.6993255615234379,"z":-72.51466369628906},"rotation":{"x":-0.01978357695043087,"y":-0.9818952083587647,"z":0.1565653383731842,"w":-0.1080055758357048},"size":64.12849426269531,"orthographic":false}