{"cameraMode":{"drawMode":0,"name":"Shaded","section":"Shading Mode"},"sceneLighting":false,"audioPlay":false,"sceneViewState":{"showFog":true,"showMaterialUpdate":false,"showSkybox":true,"showFlares":true,"showImageEffects":true,"showParticleSystems":true},"in2DMode":false,"pivot":{"x":-68.21659851074219,"y":27.898956298828126,"z":-134.52462768554688},"rotation":{"x":-0.2857533097267151,"y":-0.6261792778968811,"z":0.26447823643684389,"w":-0.6756371259689331},"size":19.690841674804689,"orthographic":false}