{"cameraMode":{"drawMode":0,"name":"Shaded","section":"Shading Mode"},"sceneLighting":false,"audioPlay":false,"sceneViewState":{"showFog":true,"showMaterialUpdate":false,"showSkybox":true,"showFlares":true,"showImageEffects":true,"showParticleSystems":true},"in2DMode":false,"pivot":{"x":3.599597930908203,"y":34.87981033325195,"z":-75.8939208984375},"rotation":{"x":0.1187027096748352,"y":0.8015062808990479,"z":-0.17001649737358094,"w":0.561370313167572},"size":27.134843826293947,"orthographic":false}