{"cameraMode":{"drawMode":0,"name":"Shaded","section":"Shading Mode"},"sceneLighting":false,"audioPlay":false,"sceneViewState":{"showFog":true,"showMaterialUpdate":false,"showSkybox":true,"showFlares":true,"showImageEffects":true,"showParticleSystems":true},"in2DMode":false,"pivot":{"x":-55.27162170410156,"y":6.394486427307129,"z":7.80389404296875},"rotation":{"x":0.07973353564739227,"y":0.9193694591522217,"z":-0.2959021031856537,"w":0.24754440784454347},"size":1.9432176351547242,"orthographic":false}