{"cameraMode":{"drawMode":0,"name":"Shaded","section":"Shading Mode"},"sceneLighting":false,"audioPlay":false,"sceneViewState":{"showFog":true,"showMaterialUpdate":false,"showSkybox":true,"showFlares":true,"showImageEffects":true,"showParticleSystems":true},"in2DMode":false,"pivot":{"x":-39.68028259277344,"y":34.95685577392578,"z":-72.11859893798828},"rotation":{"x":0.20388750731945039,"y":0.7140100002288818,"z":-0.2318745106458664,"w":0.6287782192230225},"size":22.6611270904541,"orthographic":false}