{"cameraMode":{"drawMode":0,"name":"Shaded","section":"Shading Mode"},"sceneLighting":false,"audioPlay":false,"sceneViewState":{"showFog":true,"showMaterialUpdate":false,"showSkybox":false,"showFlares":true,"showImageEffects":true,"showParticleSystems":true},"in2DMode":false,"pivot":{"x":3.725290298461914e-8,"y":0.059755876660346988,"z":0.0},"rotation":{"x":-0.022841399535536767,"y":-0.6858699321746826,"z":0.021255962550640107,"w":-0.7274564504623413},"size":1.1406525373458863,"orthographic":false}