{"cameraMode":{"drawMode":0,"name":"Shaded","section":"Shading Mode"},"sceneLighting":false,"audioPlay":false,"sceneViewState":{"showFog":true,"showMaterialUpdate":false,"showSkybox":false,"showFlares":true,"showImageEffects":true,"showParticleSystems":true},"in2DMode":false,"pivot":{"x":-2.5,"y":0.015280548483133316,"z":-2.5000054836273195},"rotation":{"x":0.2861214578151703,"y":-0.6854575872421265,"z":0.3404909372329712,"w":0.5767768621444702},"size":3.535956621170044,"orthographic":false}