{"cameraMode":{"drawMode":0,"name":"Shaded","section":"Shading Mode"},"sceneLighting":false,"audioPlay":false,"sceneViewState":{"showFog":true,"showMaterialUpdate":false,"showSkybox":true,"showFlares":true,"showImageEffects":true,"showParticleSystems":true},"in2DMode":false,"pivot":{"x":50.543121337890628,"y":41.03635025024414,"z":-91.98534393310547},"rotation":{"x":-0.05361597239971161,"y":0.9105566143989563,"z":-0.12506909668445588,"w":-0.39035531878471377},"size":2.134321451187134,"orthographic":false}