{"cameraMode":{"drawMode":0,"name":"Shaded","section":"Shading Mode"},"sceneLighting":false,"audioPlay":false,"sceneViewState":{"showFog":true,"showMaterialUpdate":false,"showSkybox":false,"showFlares":true,"showImageEffects":true,"showParticleSystems":true},"in2DMode":false,"pivot":{"x":-102.96195220947266,"y":29.858495712280275,"z":-90.01000213623047},"rotation":{"x":-0.00007662011921638623,"y":0.9993521571159363,"z":-0.03569778427481651,"w":0.017416108399629594},"size":2.235294818878174,"orthographic":false}