{"cameraMode":{"drawMode":0,"name":"Shaded","section":"Shading Mode"},"sceneLighting":false,"audioPlay":false,"sceneViewState":{"showFog":true,"showMaterialUpdate":false,"showSkybox":true,"showFlares":true,"showImageEffects":true,"showParticleSystems":true},"in2DMode":false,"pivot":{"x":14.64599895477295,"y":28.734983444213868,"z":-88.09248352050781},"rotation":{"x":0.08680030703544617,"y":-0.785676121711731,"z":0.11584074050188065,"w":0.6021196842193604},"size":19.670358657836915,"orthographic":false}