{"cameraMode":{"drawMode":0,"name":"Shaded","section":"Shading Mode"},"sceneLighting":false,"audioPlay":false,"sceneViewState":{"showFog":true,"showMaterialUpdate":false,"showSkybox":true,"showFlares":true,"showImageEffects":true,"showParticleSystems":true},"in2DMode":false,"pivot":{"x":-96.18000030517578,"y":28.40999984741211,"z":-79.68000030517578},"rotation":{"x":0.052910130470991138,"y":0.9467759132385254,"z":-0.21406534314155579,"w":0.23495960235595704},"size":4.824745178222656,"orthographic":false}