{"cameraMode":{"drawMode":0,"name":"Shaded","section":"Shading Mode"},"sceneLighting":false,"audioPlay":false,"sceneViewState":{"showFog":true,"showMaterialUpdate":false,"showSkybox":false,"showFlares":true,"showImageEffects":true,"showParticleSystems":true},"in2DMode":false,"pivot":{"x":-2.4738059043884279,"y":-0.19894257187843324,"z":-2.526193618774414},"rotation":{"x":0.3585190773010254,"y":-0.37011802196502688,"z":0.15754470229148866,"w":0.8425981402397156},"size":3.578533887863159,"orthographic":false}