{"cameraMode":{"drawMode":0,"name":"Shaded","section":"Shading Mode"},"sceneLighting":false,"audioPlay":false,"sceneViewState":{"showFog":true,"showMaterialUpdate":false,"showSkybox":false,"showFlares":true,"showImageEffects":true,"showParticleSystems":true},"in2DMode":false,"pivot":{"x":-3.749997854232788,"y":0.02186322957277298,"z":-2.499988555908203},"rotation":{"x":0.05733044818043709,"y":-0.9400917291641235,"z":0.2711864411830902,"w":0.1993110328912735},"size":2.795698404312134,"orthographic":false}