{"cameraMode":{"drawMode":0,"name":"Shaded","section":"Shading Mode"},"sceneLighting":false,"audioPlay":false,"sceneViewState":{"showFog":true,"showMaterialUpdate":false,"showSkybox":true,"showFlares":true,"showImageEffects":true,"showParticleSystems":true},"in2DMode":false,"pivot":{"x":106.9451904296875,"y":26.109375,"z":40.294921875},"rotation":{"x":0.03938816860318184,"y":0.9353821873664856,"z":-0.10928349196910858,"w":0.3347979784011841},"size":141.2021942138672,"orthographic":false}