{"cameraMode":{"drawMode":0,"name":"Shaded","section":"Shading Mode"},"sceneLighting":false,"audioPlay":false,"sceneViewState":{"showFog":true,"showMaterialUpdate":false,"showSkybox":true,"showFlares":true,"showImageEffects":true,"showParticleSystems":true},"in2DMode":false,"pivot":{"x":14.072044372558594,"y":44.77953338623047,"z":-30.35002899169922},"rotation":{"x":-0.22333700954914094,"y":0.7310390472412109,"z":-0.2814408242702484,"w":-0.580102801322937},"size":42.45774841308594,"orthographic":false}