{"cameraMode":{"drawMode":0,"name":"Shaded","section":"Shading Mode"},"sceneLighting":false,"audioPlay":false,"sceneViewState":{"showFog":true,"showMaterialUpdate":false,"showSkybox":true,"showFlares":true,"showImageEffects":true,"showParticleSystems":true},"in2DMode":false,"pivot":{"x":33.567325592041019,"y":43.0958251953125,"z":-86.1539535522461},"rotation":{"x":0.12175332754850388,"y":-0.8480153679847717,"z":0.22193096578121186,"w":0.46576714515686037},"size":20.087657928466798,"orthographic":false}