{"cameraMode":{"drawMode":0,"name":"Shaded","section":"Shading Mode"},"sceneLighting":false,"audioPlay":false,"sceneViewState":{"showFog":true,"showMaterialUpdate":false,"showSkybox":true,"showFlares":true,"showImageEffects":true,"showParticleSystems":true},"in2DMode":false,"pivot":{"x":-70.29983520507813,"y":35.05650329589844,"z":-60.93196105957031},"rotation":{"x":0.020431987941265107,"y":0.9771719574928284,"z":-0.11039282381534577,"w":0.1805506944656372},"size":45.85437774658203,"orthographic":false}