{"cameraMode":{"drawMode":0,"name":"Shaded","section":"Shading Mode"},"sceneLighting":false,"audioPlay":false,"sceneViewState":{"showFog":true,"showMaterialUpdate":false,"showSkybox":true,"showFlares":true,"showImageEffects":true,"showParticleSystems":true},"in2DMode":false,"pivot":{"x":47.79103088378906,"y":46.30426025390625,"z":-86.60600280761719},"rotation":{"x":0.020491357892751695,"y":-0.9774246215820313,"z":0.11131079494953156,"w":0.1797313243150711},"size":155.4523468017578,"orthographic":false}