{"cameraMode":{"drawMode":0,"name":"Shaded","section":"Shading Mode"},"sceneLighting":false,"audioPlay":false,"sceneViewState":{"showFog":true,"showMaterialUpdate":false,"showSkybox":true,"showFlares":true,"showImageEffects":true,"showParticleSystems":true},"in2DMode":false,"pivot":{"x":-74.45038604736328,"y":5.747161865234375,"z":-63.64331817626953},"rotation":{"x":-0.19263814389705659,"y":0.777206301689148,"z":-0.28357717394828799,"w":-0.5282063484191895},"size":54.647972106933597,"orthographic":false}