{"cameraMode":{"drawMode":0,"name":"Shaded","section":"Shading Mode"},"sceneLighting":false,"audioPlay":false,"sceneViewState":{"showFog":true,"showMaterialUpdate":false,"showSkybox":true,"showFlares":true,"showImageEffects":true,"showParticleSystems":true},"in2DMode":false,"pivot":{"x":473.0089416503906,"y":218.2733917236328,"z":-185.0218505859375},"rotation":{"x":0.06698364019393921,"y":0.060682788491249087,"z":-0.004856607411056757,"w":0.9960649609565735},"size":562.2141723632813,"orthographic":false}