{"cameraMode":{"drawMode":0,"name":"Shaded","section":"Shading Mode"},"sceneLighting":false,"audioPlay":false,"sceneViewState":{"showFog":true,"showMaterialUpdate":false,"showSkybox":true,"showFlares":true,"showImageEffects":true,"showParticleSystems":true},"in2DMode":false,"pivot":{"x":-97.64134979248047,"y":30.358213424682618,"z":-64.43409729003906},"rotation":{"x":0.29560017585754397,"y":0.4824441969394684,"z":-0.17741066217422486,"w":0.8054870367050171},"size":14.493840217590332,"orthographic":false}