{"cameraMode":{"drawMode":0,"name":"Shaded","section":"Shading Mode"},"sceneLighting":false,"audioPlay":false,"sceneViewState":{"showFog":true,"showMaterialUpdate":false,"showSkybox":true,"showFlares":true,"showImageEffects":true,"showParticleSystems":true},"in2DMode":false,"pivot":{"x":72.15010833740235,"y":34.18153381347656,"z":36.67369079589844},"rotation":{"x":-0.09651841968297959,"y":-0.09708904474973679,"z":0.010256912559270859,"w":-0.9907189011573792},"size":16.182273864746095,"orthographic":false}