{"cameraMode":{"drawMode":0,"name":"Shaded","section":"Shading Mode"},"sceneLighting":false,"audioPlay":false,"sceneViewState":{"showFog":true,"showMaterialUpdate":false,"showSkybox":false,"showFlares":true,"showImageEffects":true,"showParticleSystems":true},"in2DMode":false,"pivot":{"x":-0.753000020980835,"y":-11.73900032043457,"z":-14.32130241394043},"rotation":{"x":0.07632265985012055,"y":0.9119492173194885,"z":0.35171401500701907,"w":-0.19781942665576936},"size":1.8711929321289063,"orthographic":false}