{"cameraMode":{"drawMode":0,"name":"Shaded","section":"Shading Mode"},"sceneLighting":false,"audioPlay":false,"sceneViewState":{"showFog":true,"showMaterialUpdate":false,"showSkybox":true,"showFlares":true,"showImageEffects":true,"showParticleSystems":true},"in2DMode":false,"pivot":{"x":612.3772583007813,"y":222.05323791503907,"z":-26.160099029541017},"rotation":{"x":0.06534896790981293,"y":0.01047747302800417,"z":-0.0006934659322723746,"w":0.9978278875350952},"size":519.58642578125,"orthographic":false}