{"cameraMode":{"drawMode":0,"name":"Shaded","section":"Shading Mode"},"sceneLighting":false,"audioPlay":false,"sceneViewState":{"showFog":true,"showMaterialUpdate":false,"showSkybox":false,"showFlares":true,"showImageEffects":true,"showParticleSystems":true},"in2DMode":false,"pivot":{"x":-0.2074141502380371,"y":0.018917322158813478,"z":0.07447052001953125},"rotation":{"x":-0.005431986413896084,"y":0.9777622222900391,"z":-0.035044435411691669,"w":-0.2086760401725769},"size":3.663865089416504,"orthographic":false}