{"cameraMode":{"drawMode":0,"name":"Shaded","section":"Shading Mode"},"sceneLighting":false,"audioPlay":false,"sceneViewState":{"showFog":true,"showMaterialUpdate":false,"showSkybox":true,"showFlares":true,"showImageEffects":true,"showParticleSystems":true},"in2DMode":false,"pivot":{"x":-87.49757385253906,"y":18.105281829833986,"z":-22.6810302734375},"rotation":{"x":-0.023765545338392259,"y":0.9725685119628906,"z":-0.19621813297271729,"w":-0.1250280737876892},"size":1.6008193492889405,"orthographic":false}