{"cameraMode":{"drawMode":0,"name":"Shaded","section":"Shading Mode"},"sceneLighting":false,"audioPlay":false,"sceneViewState":{"showFog":true,"showMaterialUpdate":false,"showSkybox":true,"showFlares":true,"showImageEffects":true,"showParticleSystems":true},"in2DMode":false,"pivot":{"x":-92.43447875976563,"y":24.343461990356447,"z":-23.452741622924806},"rotation":{"x":-0.161460742354393,"y":-0.16115620732307435,"z":0.02673872746527195,"w":-0.973273515701294},"size":2.231137752532959,"orthographic":false}