{"cameraMode":{"drawMode":0,"name":"Shaded","section":"Shading Mode"},"sceneLighting":false,"audioPlay":false,"sceneViewState":{"showFog":true,"showMaterialUpdate":false,"showSkybox":false,"showFlares":true,"showImageEffects":true,"showParticleSystems":true},"in2DMode":false,"pivot":{"x":0.0,"y":3.1042726039886476,"z":-2.0450456142425539},"rotation":{"x":0.0034780653659254314,"y":0.9840531349182129,"z":-0.17996585369110108,"w":0.006774486508220434},"size":1.7350411415100098,"orthographic":false}