{"cameraMode":{"drawMode":0,"name":"Shaded","section":"Shading Mode"},"sceneLighting":false,"audioPlay":false,"sceneViewState":{"showFog":true,"showMaterialUpdate":false,"showSkybox":true,"showFlares":true,"showImageEffects":true,"showParticleSystems":true},"in2DMode":false,"pivot":{"x":71.66521453857422,"y":30.524377822875978,"z":0.27910327911376955},"rotation":{"x":-0.028720280155539514,"y":-0.915169894695282,"z":-0.06628886610269547,"w":0.3965532183647156},"size":13.45934009552002,"orthographic":false}