{"cameraMode":{"drawMode":0,"name":"Shaded","section":"Shading Mode"},"sceneLighting":false,"audioPlay":false,"sceneViewState":{"showFog":true,"showMaterialUpdate":false,"showSkybox":false,"showFlares":true,"showImageEffects":true,"showParticleSystems":true},"in2DMode":false,"pivot":{"x":-2.500006675720215,"y":1.4693412780761719,"z":0.1324300616979599},"rotation":{"x":0.17864379286766053,"y":-0.7904914617538452,"z":0.5189013481140137,"w":0.27253854274749758},"size":2.902843713760376,"orthographic":false}