{"cameraMode":{"drawMode":0,"name":"Shaded","section":"Shading Mode"},"sceneLighting":false,"audioPlay":false,"sceneViewState":{"showFog":true,"showMaterialUpdate":false,"showSkybox":true,"showFlares":true,"showImageEffects":true,"showParticleSystems":true},"in2DMode":false,"pivot":{"x":66.25767517089844,"y":43.751068115234378,"z":-18.754587173461915},"rotation":{"x":0.13351552188396455,"y":0.756257176399231,"z":-0.1624755859375,"w":0.6200482845306397},"size":456.1170349121094,"orthographic":false}