{"cameraMode":{"drawMode":0,"name":"Shaded","section":"Shading Mode"},"sceneLighting":false,"audioPlay":false,"sceneViewState":{"showFog":true,"showMaterialUpdate":false,"showSkybox":true,"showFlares":true,"showImageEffects":true,"showParticleSystems":true},"in2DMode":false,"pivot":{"x":21.733842849731447,"y":39.30710983276367,"z":-7.930633544921875},"rotation":{"x":-0.28890085220336916,"y":-0.431062251329422,"z":0.14574609696865083,"w":-0.8426902294158936},"size":74.1620101928711,"orthographic":false}