{"cameraMode":{"drawMode":0,"name":"Shaded","section":"Shading Mode"},"sceneLighting":false,"audioPlay":false,"sceneViewState":{"showFog":true,"showMaterialUpdate":false,"showSkybox":false,"showFlares":true,"showImageEffects":true,"showParticleSystems":true},"in2DMode":false,"pivot":{"x":-0.23506402969360352,"y":0.24741268157958985,"z":0.0361783504486084},"rotation":{"x":-0.16239328682422639,"y":0.8263351917266846,"z":-0.30738410353660586,"w":-0.44399699568748476},"size":5.2588276863098148,"orthographic":false}