{"cameraMode":{"drawMode":0,"name":"Shaded","section":"Shading Mode"},"sceneLighting":false,"audioPlay":false,"sceneViewState":{"showFog":true,"showMaterialUpdate":false,"showSkybox":true,"showFlares":true,"showImageEffects":true,"showParticleSystems":true},"in2DMode":false,"pivot":{"x":-89.12527465820313,"y":20.182353973388673,"z":-24.541967391967775},"rotation":{"x":0.07192686200141907,"y":-0.9234386086463928,"z":0.21092897653579713,"w":0.3130839169025421},"size":4.901761531829834,"orthographic":false}