{"cameraMode":{"drawMode":0,"name":"Shaded","section":"Shading Mode"},"sceneLighting":false,"audioPlay":false,"sceneViewState":{"showFog":true,"showMaterialUpdate":false,"showSkybox":true,"showFlares":true,"showImageEffects":true,"showParticleSystems":true},"in2DMode":false,"pivot":{"x":11.550498962402344,"y":49.90608596801758,"z":63.04199981689453},"rotation":{"x":-0.16723892092704774,"y":-0.5949455499649048,"z":0.12836392223834992,"w":-0.7757341861724854},"size":62.739837646484378,"orthographic":false}