{"cameraMode":{"drawMode":0,"name":"Shaded","section":"Shading Mode"},"sceneLighting":false,"audioPlay":false,"sceneViewState":{"showFog":true,"showMaterialUpdate":false,"showSkybox":true,"showFlares":true,"showImageEffects":true,"showParticleSystems":true},"in2DMode":false,"pivot":{"x":-78.79663848876953,"y":-9.547714233398438,"z":-65.73399353027344},"rotation":{"x":0.09482624381780625,"y":-0.8943061828613281,"z":0.3750690519809723,"w":0.22525964677333833},"size":64.63885498046875,"orthographic":false}