{"cameraMode":{"drawMode":0,"name":"Shaded","section":"Shading Mode"},"sceneLighting":false,"audioPlay":false,"sceneViewState":{"showFog":true,"showMaterialUpdate":false,"showSkybox":false,"showFlares":true,"showImageEffects":true,"showParticleSystems":true},"in2DMode":false,"pivot":{"x":-102.99369812011719,"y":29.794565200805665,"z":-90.224853515625},"rotation":{"x":0.000438053859397769,"y":0.9952406287193298,"z":0.004478613380342722,"w":-0.09734464436769486},"size":3.110450267791748,"orthographic":false}