{"cameraMode":{"drawMode":0,"name":"Shaded","section":"Shading Mode"},"sceneLighting":false,"audioPlay":false,"sceneViewState":{"showFog":true,"showMaterialUpdate":false,"showSkybox":true,"showFlares":true,"showImageEffects":true,"showParticleSystems":true},"in2DMode":false,"pivot":{"x":62.70198059082031,"y":-1.0474700927734376,"z":-33.31488037109375},"rotation":{"x":-0.09843119978904724,"y":0.8727490901947022,"z":-0.437290757894516,"w":-0.1943318098783493},"size":85.28093719482422,"orthographic":false}