{"cameraMode":{"drawMode":0,"name":"Shaded","section":"Shading Mode"},"sceneLighting":false,"audioPlay":false,"sceneViewState":{"showFog":true,"showMaterialUpdate":false,"showSkybox":true,"showFlares":true,"showImageEffects":true,"showParticleSystems":true},"in2DMode":false,"pivot":{"x":5.500389099121094,"y":-21.59166717529297,"z":-10.254653930664063},"rotation":{"x":-0.17345362901687623,"y":0.8168632984161377,"z":-0.32214099168777468,"w":-0.4468778073787689},"size":87.78880310058594,"orthographic":false}