{"cameraMode":{"drawMode":0,"name":"Shaded","section":"Shading Mode"},"sceneLighting":false,"audioPlay":false,"sceneViewState":{"showFog":true,"showMaterialUpdate":false,"showSkybox":false,"showFlares":true,"showImageEffects":true,"showParticleSystems":true},"in2DMode":false,"pivot":{"x":-0.2742276191711426,"y":-0.1310875415802002,"z":-0.17001968622207642},"rotation":{"x":-0.16239328682422639,"y":0.8263351917266846,"z":-0.30738410353660586,"w":-0.44399699568748476},"size":6.524834156036377,"orthographic":false}