{"cameraMode":{"drawMode":0,"name":"Shaded","section":"Shading Mode"},"sceneLighting":false,"audioPlay":false,"sceneViewState":{"showFog":true,"showMaterialUpdate":false,"showSkybox":false,"showFlares":true,"showImageEffects":true,"showParticleSystems":true},"in2DMode":false,"pivot":{"x":-0.16985511779785157,"y":0.02242422103881836,"z":0.0017547607421875},"rotation":{"x":0.20938874781131745,"y":-0.7078531384468079,"z":0.23457975685596467,"w":0.6327685117721558},"size":1.046027421951294,"orthographic":false}