{"cameraMode":{"drawMode":0,"name":"Shaded","section":"Shading Mode"},"sceneLighting":false,"audioPlay":false,"sceneViewState":{"showFog":true,"showMaterialUpdate":false,"showSkybox":false,"showFlares":true,"showImageEffects":true,"showParticleSystems":true},"in2DMode":false,"pivot":{"x":-2.5,"y":0.015280548483133316,"z":-2.5000054836273195},"rotation":{"x":0.3936440348625183,"y":-0.3108130693435669,"z":0.14365610480308534,"w":0.8533023595809937},"size":3.535956621170044,"orthographic":false}