{"cameraMode":{"drawMode":0,"name":"Shaded","section":"Shading Mode"},"sceneLighting":false,"audioPlay":false,"sceneViewState":{"showFog":true,"showMaterialUpdate":false,"showSkybox":true,"showFlares":true,"showImageEffects":true,"showParticleSystems":true},"in2DMode":false,"pivot":{"x":46.61914825439453,"y":60.82911682128906,"z":-55.69664764404297},"rotation":{"x":-0.16664063930511475,"y":-0.8304407596588135,"z":0.3430227041244507,"w":-0.40653476119041445},"size":6.275043487548828,"orthographic":false}